Column0,Column1,Column2,Result
12,18,4,-11
6,16,2,-6
4,20,5,23
20,1,18,264.5
9,17,8,45.5
19,18,14,148
3,14,12,142
10,6,17,262
9,14,3,-11
15,14,14,158
15,5,1,-41.5
14,6,2,-35
20,20,6,-14
5,14,13,161
17,16,8,21
17,5,6,-12.5
4,15,12,139.5
15,5,4,-26.5
5,15,19,353.5
2,2,19,356
19,2,14,140
7,6,6,18
19,8,15,172
8,4,4,-6
20,3,12,85.5
8,13,8,46.5
19,11,6,-15.5
4,19,10,97.5
19,11,17,237.5
12,18,15,198
7,9,13,152.5
18,18,1,-44
4,17,10,96.5
13,7,17,253.5
1,17,20,405.5
20,16,1,-51
15,5,9,38.5
13,3,10,62.5
3,12,15,222
1,11,12,146.5
7,20,14,185
20,13,14,142.5
15,11,1,-38.5
1,14,4,20
9,1,5,-1.5
12,9,12,112.5
7,3,12,124.5
14,18,7,16
14,18,18,291
7,19,10,88.5
3,3,19,353.5
4,3,14,185.5
14,13,7,13.5
11,11,10,72.5
16,1,17,241.5
1,17,9,86.5
13,4,4,-21
14,19,20,367.5
15,5,16,213.5
5,19,7,43.5
4,8,17,281
14,4,15,185
18,7,14,145.5
17,15,20,356.5
19,20,8,17
17,20,18,283
9,3,13,143.5
15,8,13,128
12,17,17,261.5
2,10,3,8
12,4,15,191
20,20,4,-34
5,3,1,-12.5
13,9,5,-9.5
16,13,3,-32.5
7,1,7,28.5
10,8,6,10
19,1,9,24.5
12,19,20,373.5
9,2,16,230
8,11,8,45.5
13,16,20,369
17,3,2,-45.5
20,5,9,23.5
14,18,4,-17
11,16,4,-9
20,4,3,-49
2,13,19,361.5
17,8,17,242
4,3,2,-6.5
2,7,14,193.5
5,18,18,318
1,16,11,126
1,9,16,257.5
9,10,16,234
13,8,15,190
3,6,20,394
2,20,18,328
16,1,7,1.5
18,12,14,148
